,date,dic
0,2021-03-30,"{'CORONA-PANDEMIE': 2, 'ITALIEN': 2, 'WILL': 3, 'EINREISEREGELN': 1, 'VERSCHÄRFEN': 1, 'WIRTSCHAFT': 1, 'WEHRT': 1, 'SICH': 1, 'GEGEN': 1, 'DROHENDE': 1, 'CORONA-TESTPFLICHT': 1, 'LIVEBLOG': 6, 'BIONTECH': 1, 'IMPFSTOFF-PRODUKTION': 1, 'ERHÖHEN': 1, 'THROMBOSE-FÄLLE': 1, 'BERLIN': 1, 'SETZT': 1, 'ASTRAZENECA-IMPFUNGEN': 2, 'AUS': 1, 'BAYERN': 1, 'BEIM': 1, 'IMPFEN': 1, 'GAS': 1, 'GEBEN': 1, 'SÖDER': 1, 'FORDERT': 2, 'STRIKTEN': 1, 'ANTI-CORONA-KURS': 1, 'BERLINER': 1, 'CHARITÉ': 1, 'STOPPT': 1, 'BEI': 2, 'FRAUEN': 1, 'UNTER': 1, '55': 1, 'CORONAVIRUS': 1, 'GRENZE': 1, 'ZU': 1, 'TSCHECHIEN': 1, 'WIRD': 1, 'WEITER': 1, 'KONTROLLIERT': 1, 'VERHÄNGT': 1, 'QUARANTÄNE': 1, 'EINREISE': 1, 'BUNDESINNENMINISTER': 1, 'ZUR': 2, 'FÜR': 4, 'FLUGREISENDE': 1, 'SCHWEDENS': 1, 'CHEFEPIDEMIOLOGE': 1, 'BALANCEAKT': 1, 'ZWISCHEN': 2, 'SCHADEN': 1, 'UND': 2, 'NUTZEN': 1, 'ARD-FAKTENFINDER': 1, 'FAKTENCHECKS': 1, 'STÄDTETAG': 1, 'HARTEN': 1, 'LOCKDOWN': 1, 'BIDEN': 1, 'IMPFANGEBOT': 1, '90': 1, 'PROZENT': 1, 'DER': 2, 'ERWACHSENEN': 1, 'IM': 1, 'APRIL': 1, 'MEHR': 1, 'BUNDES-KOMPETENZEN': 1, 'NICHT': 1, 'NOTWENDIG': 1, 'OSTERURLAUB': 1, 'WARUM': 1, 'SOLL': 1, 'ICH': 1, 'GEWISSENSBISSE': 1, 'HABEN?': 1, 'BRINKHAUS': 1, 'WARNT': 1, 'VOR': 1, 'ZERWÜRFNIS': 1, 'BUND': 1, 'LÄNDERN': 1, 'UPDATE': 1, 'CORONA-WARN-APP': 1, 'ANONYM': 1, 'EINCHECKEN': 1, 'PER': 1, 'QR-CODE': 1, 'DGB-CHEF': 1, 'TESTPFLICHT': 1, 'UNTERNEHMEN': 1}"
1,2021-03-29,"{'CORONA-LIVEBLOG': 5, 'EUSKIRCHEN': 1, 'KEIN': 1, 'ASTRAZENECA': 1, 'FÜR': 1, 'FRAUEN': 1, 'UNTER': 1, '55': 1, 'LANDWIRTSCHAFT': 1, 'CORONA-SCHUTZMASSNAHMEN': 1, 'ERSCHWEREN': 1, 'ERNTE': 1, 'ENGLAND': 1, 'MACHT': 1, 'VORSICHTIG': 1, 'WIEDER': 1, 'AUF': 2, 'MERKEL': 3, 'ÜBT': 2, 'KRITIK': 2, 'AM': 2, 'CORONA-KURS': 2, 'DER': 2, 'LÄNDER': 2, 'CORONA-MASSNAHMEN': 1, 'GANZ': 1, 'OHNE': 1, 'BUNDESLÄNDER': 1, 'GEHT': 1, 'ES': 1, 'NICHT': 1, 'SPUTNIK-V-PRODUKTION': 1, 'IN': 1, 'CHINA': 1, 'WHO': 1, 'ZUM': 1, 'CORONA-URSPRUNG': 1, 'FLEDERMAUS': 1, 'WOHL': 1, 'TRÄGER': 1, 'DES': 1, 'CORONAVIRUS': 1, 'KOMMENTAR': 1, 'MUSS': 1, 'JETZT': 1, 'SCHNELL': 1, 'HANDELN': 1, 'LIVE': 1, 'REGIERUNGS-PRESSEKONFERENZ': 1, 'ZUR': 1, 'CORONA-KRISE': 1, 'IMMUNOLOGEN': 1, 'KRITISIEREN': 1, 'IMPFTEMPO': 1, 'FAST': 1, '10.000': 1, 'NEUINFEKTIONEN': 1, 'UND': 1, 'EINE': 1, 'INZIDENZ': 1, 'ÜBER': 1, '134': 1, 'INZIDENZWERT': 1, 'STEIGT': 1, '134,4': 1, 'BRITISCHE': 1, 'REGIERUNG': 1, 'LOCKERT': 1, 'BESCHRÄNKUNGEN': 1}"
2,2021-03-28,"{'PANDEMIE': 2, 'SÖDER': 1, 'FÜR': 2, 'MEHR': 4, 'KOMPETENZEN': 1, 'DEN': 1, 'BUND': 1, 'MERKEL': 1, 'BEI': 1, 'ANNE': 1, 'WILL': 1, 'WIR': 1, 'HABEN': 1, 'EINE': 2, 'NEUE': 1, 'TAUSENDE': 2, 'DEUTSCHE': 1, 'VERBRINGEN': 1, 'OSTERFERIEN': 1, 'AUF': 1, 'MALLORCA': 2, 'CORONA-LIVEBLOG': 5, 'KLÄRANLAGEN': 1, 'ALS': 2, 'FRÜHWARNSYSTEM?': 1, 'FLIEGEN': 1, 'TROTZ': 1, 'CORONA': 1, 'NACH': 1, 'EU-LÄNDER': 1, 'BERATEN': 1, 'ÜBER': 1, 'GRÜNEN': 1, 'PASS': 1, 'WARUM': 1, 'LÄUFT': 1, 'DAS': 1, '-MANAGEMENT': 1, 'DER': 2, 'REGIERUNG': 1, 'SO': 1, 'SCHLECHT?': 1, 'DIE': 1, 'DISKUSSION': 1, 'LIVE': 1, 'IM': 1, '@ARD_PRESSECLUB.': 1, 'STEIGENDE': 1, 'ZAHLEN': 1, 'OSTERGIPFEL': 1, 'STATT': 1, 'OSTERRUHE?': 1, 'BERLINER': 1, 'TESTKONZERT': 1, 'FUNKE': 1, 'HOFFNUNG': 1, '17.100': 1, 'NEUINFEKTIONEN': 1, 'UND': 1, 'INZIDENZ': 1, 'VON': 1, '130': 1, 'KENIA': 1, 'MANGELERNÄHRTE': 1, 'KINDER': 1, 'DURCH': 1, 'CORONA-KRISE': 2, 'BRAUN': 1, 'WARNT': 1, 'VOR': 1, 'IMPFRESISTENTEN': 1, 'MUTATIONEN': 1, 'OPPOSITION': 1, 'FORDERT': 1, 'KINDERKRANKENTAGE': 1}"
3,2021-03-27,"{'LIVEBLOG': 6, 'SCHWESIG': 1, 'VERSCHÄRFT': 1, 'MASSNAHMEN': 1, 'IN': 2, 'MV': 1, 'JOHNSON&AMP;JOHNSON': 1, '-': 1, 'AB': 2, 'MITTE': 1, 'APRIL': 1, 'AUCH': 1, 'DEUTSCHLAND': 1, 'CORONA-NACHHILFE': 2, 'LEHRERVERBAND': 1, 'RECHNET': 1, 'MIT': 1, 'ZWEI': 1, 'MILLIARDEN': 1, 'EURO': 2, 'SPAHN': 1, 'BIS': 1, 'ZU': 1, '100.000': 1, 'ARZTPRAXEN': 1, 'IMPFEN': 1, 'MAI': 1, 'CORONA-PANDEMIE': 1, 'GROSSBRITANNIEN': 2, 'PLANT': 2, 'DRITTE': 2, 'IMPFUNG': 2, 'INZIDENZ': 1, 'IM': 1, 'SAALE-ORLA-KREIS': 1, 'ÜBER': 1, '500': 1, 'TARIFEINIGUNG': 1, 'CORONA-PRÄMIE': 1, 'FÜR': 4, 'STAHLKOCHER': 1, 'RUSSISCHES': 1, 'VAKZIN': 1, 'RUFE': 1, 'NACH': 1, 'SPUTNIK': 2, 'V': 2, 'AUS': 1, 'BAYERN': 1, 'UND': 3, 'THÜRINGEN': 1, 'SÖDER': 1, 'RAMELOW': 1, 'BESTELLUNG': 1, 'VON': 1, 'KARLICZEK': 1, 'EINE': 1, 'MILLIARDE': 1, '20.400': 1, 'NEUINFEKTIONEN': 1, 'SIEBEN-TAGE-INZIDENZ': 1, 'BEI': 1, '124,9': 1, 'SPD-CHEF': 1, 'FORDERT': 1, 'TESTPFLICHT': 1, 'UNTERNEHMEN': 1}"
4,2021-03-26,"{'WHO': 1, 'RUFT': 1, 'ZU': 2, 'IMPFSTOFF-SPENDEN': 1, 'FÜR': 4, 'ARME': 1, 'LÄNDER': 1, 'AUF': 3, 'BUNDESVERFASSUNGSGERICHT': 1, 'EU-CORONA-HILFEN': 1, 'VORLÄUFIG': 1, 'GESTOPPT': 1, 'FRANKREICH,': 1, 'TSCHECHIEN': 1, 'UND': 6, 'SLOWAKEI': 1, 'WERDEN': 1, 'CORONA-HOCHINZIDENZGEBIETE': 1, 'EMA': 1, 'GENEHMIGT': 1, 'ZWEI': 1, 'NEUE': 1, 'IMPFSTOFFWERKE': 1, 'UNIKLINIK': 1, 'ROSTOCK': 1, 'STOPPT': 1, 'ASTRAZENECA-IMPFUNGEN': 1, 'CORONA-LAGE': 2, 'IN': 1, 'FRANKREICH': 1, 'DIE': 3, 'ZAHLEN': 1, 'STEIGEN': 2, 'LIVEBLOG': 4, 'NRW': 1, 'LÄSST': 1, 'AUSNAHMEN': 1, 'VON': 1, 'NOTBREMSE': 1, 'THAILAND': 2, 'PLANT': 2, 'ÖFFNUNG': 2, 'GEIMPFTE': 2, 'TOURISTEN': 2, 'CORONA-KRISE': 1, 'MEHR': 2, 'UNTERSTÜTZUNG': 1, 'VOR': 2, 'ALLEM': 1, 'EINZELNE': 1, 'KÜNSTLER': 1, 'IFO-INDEX': 1, 'TROTZT': 1, 'DRITTER': 1, 'WELLE': 1, 'SPAHN': 3, 'GESUNDHEITSSYSTEM': 1, 'KÖNNTE': 1, 'IM': 1, 'APRIL': 1, 'AN': 1, 'BELASTUNGSGRENZE': 1, 'KOMMEN': 1, 'OSTERFERIEN': 1, 'MALLORCA': 1, 'SCHIMPFEND': 1, 'VOLL': 1, 'VORFREUDE': 1, 'INSEL': 1, 'BIDENS': 1, 'ERSTE': 1, 'PRESSEKONFERENZ': 1, 'EINE': 1, 'ANKÜNDIGUNG': 1, 'EIN': 1, 'VERSPRECHEN': 1, 'RKI-CHEF': 1, 'ZUR': 2, '-LAGE': 1, 'OSTERN': 1, 'LIVESTREAM': 1, 'WIELER': 1, 'RKI': 2, 'MELDET': 2, 'ALS': 1, '21.500': 1, 'CORONA-NEUINFEKTIONEN': 1, 'CORONA-PROTESTE': 1, 'SCHAUT': 1, 'POLIZEI': 1, 'WEG?': 1, '21.573': 1, 'NEUINFEKTIONEN': 1}"
5,2021-03-25,"{'NACH': 2, 'DEM': 1, 'ERSTEN': 1, 'TAG': 1, 'DES': 2, 'VIRTUELLEN': 1, 'EU-GIPFELS': 1, 'SPRICHT': 1, 'KANZLERIN': 1, 'ÜBER': 1, 'DIE': 4, 'ERGEBNISSE.': 1, 'THEMA': 1, 'WAR': 1, 'U.': 1, 'A.': 1, '-.': 1, 'US-PRÄSIDENT': 1, 'BIDEN': 1, 'VERDOPPELT': 1, 'IMPFZIEL': 1, 'POLITOLOGE': 1, 'FAAS': 1, 'ZU': 3, 'DEN': 2, 'FOLGEN': 1, 'MERKEL-RÜCKZIEHERS': 1, 'BUND-LÄNDER-TREFFEN': 1, 'BERATUNGEN': 1, 'IM': 5, 'FALSCHEN': 1, 'FORMAT?': 1, 'RKI': 1, 'MEHR': 1, 'CORONA-INFEKTIONEN': 1, 'BEI': 3, 'KINDERN': 1, 'UND': 2, 'JUGENDLICHEN': 1, 'AB': 1, 'SONNTAG': 1, 'LAUT': 1, 'ÜBEREINSTIMMENDEN': 1, 'MEDIENBERICHTEN': 1, 'CORONA-TESTPFLICHT': 1, 'EINREISEN': 1, 'PER': 1, 'FLUGZEUG': 1, 'BUNDESREGIERUNG': 1, 'STREICHT': 1, 'AUCH': 1, 'BITTE': 1, 'UM': 1, 'VIRTUELLE': 1, 'MESSEN': 1, 'LIVEBLOG': 3, 'SCHWESIG': 1, 'KRITISIERT': 1, 'LOCKERUNGSPLÄNE': 1, 'SAARLAND': 2, 'CORONA-IMPFSTOFFE': 1, 'FÜR': 1, 'KINDER': 1, 'WIE': 1, 'WEIT': 1, 'SIND': 1, 'HERSTELLER?': 1, 'DÄNEMARK': 1, 'WILL': 2, 'ASTRAZENECA-STOPP': 1, 'VERLÄNGERN': 1, 'VOR': 1, 'ISLAND-SPIEL': 1, 'CORONA-FALL': 1, 'DFB-TEAM': 1, 'DEUTSCHE': 1, 'TRINKEN': 1, 'CORONA-JAHR': 1, 'WENIGER': 1, 'ALKOHOL': 1, 'CORONA-PANDEMIE': 1, 'DOPPEL-MUTANTE': 1, 'BREITET': 1, 'SICH': 2, 'IN': 2, 'INDIEN': 1, 'AUS': 1, 'MERKELS': 1, 'SETZT': 1, 'IMFPSTOFFBESCHAFFUNG': 1, 'AUF': 1, 'EUROPÄISCHEN': 1, 'WEG': 1, 'PRO': 1, 'CONTRA': 1, 'EXPORTSTOPP': 1, '-': 1, 'SINNVOLL': 1, 'ODER': 1, 'ABWEGIG?': 1, 'ZAHL': 2, 'DER': 3, 'DROGENTOTEN': 1, 'STEIGT': 1, 'EINZELHANDELSBESCHRÄNKUNGEN': 1, 'BADEN-WÜRTTEMBERG': 1, 'GEKIPPT': 1, 'LIVE': 1, 'MERKEL': 1, 'ÄUSSERT': 1, 'BUNDESTAG': 1, 'CORONA-BESCHLÜSSEN': 1, 'NEUINFEKTIONEN': 1, '20.000ER-MARKE': 1, 'WIEDER': 1, 'ÜBERSCHRITTEN': 1, 'LOCKERUNGEN': 1, 'OSTERN': 1, 'MODELLREGION': 1, 'WERDEN': 1, 'STAAT': 1, 'ALS': 1, 'VERMIETER': 1, 'KEINE': 1, 'GNADE': 1, 'TROTZ': 1, 'CORONA': 1, 'CORONAVIRUS': 1, 'KÖNNTE': 1, 'DEUTSCHLAND': 1, 'SCHNELLER': 1, 'IMPFEN?': 1, 'ASTRAZENECA': 1, '76': 1, 'PROZENT': 1, 'EFFEKTIV': 1}"
6,2021-03-24,"{'ÜBERLASTETE': 1, 'KLINIKEN': 1, 'ÖSTERREICH': 1, 'VERHÄNGT': 1, 'OSTER-LOCKDOWN': 1, 'ÜBERBLICK': 1, 'WELCHE': 1, 'REGELN': 1, 'IM': 4, 'LOCKDOWN': 1, 'WEITER': 4, 'GELTEN': 1, 'REGIERUNGSCHAOS': 1, 'WIE': 1, 'GEHT': 1, 'ES': 1, 'IN': 8, 'DER': 5, 'CORONA-KRISE?': 1, 'LIVEBLOG': 6, 'BIS': 1, 'ZU': 2, '73,5': 1, 'MILLIONEN': 2, 'DOSEN': 1, 'ZWEITEN': 1, 'QUARTAL': 1, 'MERKEL': 4, 'GEGEN': 1, 'VERTRAUENSFRAGE': 2, 'NEIN,': 1, 'DAS': 1, 'WERDE': 1, 'ICH': 1, 'NICHT': 2, 'TUN': 1, 'LÄNDERCHEFS': 1, 'PLÄDIEREN': 1, 'FÜR': 2, 'REFORM': 1, 'BUND-LÄNDER-RUNDEN': 1, 'ASTRAZENECA': 2, 'VERWIRRUNG': 1, 'UM': 1, 'IMPFDOSEN-FUND': 1, 'ITALIEN': 2, 'BUNDESETAT': 1, 'CORONA-KRISE': 1, 'TREIBT': 1, 'SCHULDEN': 1, 'DIE': 1, 'HÖHE': 1, 'KOMMENTAR': 1, 'MERKELS': 1, 'ENTSCHULDIGUNG': 1, '-': 1, 'EIN': 1, 'LICHTBLICK': 1, 'BUNDESREGIERUNG': 1, 'PRÜFT': 1, 'VERBOT': 1, 'VON': 4, 'URLAUBSREISEN': 1, 'INS': 1, 'AUSLAND': 1, 'MARKTBERICHT': 1, 'CORONA-ÄNGSTE': 1, 'VOM': 1, 'TISCH': 1, 'CORONA': 1, 'EU': 2, 'VERSCHÄRFT': 1, 'KONTROLLE': 1, 'IMPFSTOFF-EXPORTEN': 1, 'CORONA-IMPFUNGEN': 1, 'FAST': 1, 'NIE': 1, 'SCHWERE': 1, 'NEBENWIRKUNGEN': 1, 'GEKIPPTE': 1, 'OSTERRUHE': 1, 'FDP': 1, 'UND': 1, 'LINKE': 1, 'FORDERN': 1, 'IMPFDOSEN': 1, 'ENTDECKT': 1, 'LIVE': 2, 'KANZLERIN': 2, 'FRAGESTUNDE': 2, 'BUNDESTAG': 2, 'CORONA-OSTERRUHE': 3, 'GEKIPPT': 3, 'BEI': 1, 'MERKEL-STATEMENT': 2, '|': 2, 'ERWARTET': 1, 'SONDERAUSGABE': 1, 'TAGESSCHAU': 1, 'LASCHET': 1, 'KÜNDIGT': 1, 'MODELLPROJEKTE': 1, 'ÖFFNUNGEN': 1, 'AN': 1, 'CORONA-BESCHLÜSSE': 1, 'BERÄT': 1, 'AM': 1, 'VORMITTAG': 1, 'ERNEUT': 1, 'MIT': 1, 'MINISTERPRÄSIDENTEN': 1, 'KURZ': 1, 'DRÄNGT': 1, 'AUF': 1, 'ANDERE': 1, 'CORONA-IMPFSTOFFVERTEILUNG': 1, 'LÖHNE': 1, 'ERSTMALS': 2, 'SEIT': 1, 'JAHREN': 1, 'GESUNKEN': 1, 'CUREVAC': 1, 'MUTANTEN': 1, 'ERSCHWEREN': 1, 'IMPFSTOFFZULASSUNG': 1, 'ZAHL': 1, 'CORONA-NEUINFEKTIONEN': 1, 'DEUTSCHLAND': 2, 'STEIGT': 1, 'IW-FORSCHER': 1, 'SENKEN': 1, 'KONJUNKTURPROGNOSE': 1, 'BRASILIEN': 1, 'MEHR': 2, 'ALS': 2, '3000': 1, 'CORONA-TOTE': 2, '24': 1, 'STUNDEN': 1, '75.000': 1, 'SCHUTZ': 1, 'POLITIKERN': 1, 'WAHLKAMPF': 1, 'UNSICHERHEITEN': 1, 'GROSSBRITANNIEN': 1, 'WILL': 1, 'AB': 1, 'AUGUST': 1, 'KINDER': 1, 'IMPFEN': 1}"
7,2021-03-23,"{'OSTER-LOCKDOWN': 1, 'KRETSCHMER': 1, 'DÄMPFT': 1, 'HOFFNUNG': 1, 'AUF': 2, 'BEFREIUNGSSCHLAG': 1, 'TESTPFLICHT': 1, 'MALLORCA-URLAUBER': 1, 'REAGIEREN': 1, 'GELASSEN': 1, 'CORONA-IMPFUNGEN': 1, 'WARUM': 1, 'DAUERT': 1, 'DAS': 6, 'SO': 2, 'LANGE?': 1, 'INITIATIVE': 1, 'FORDERT': 1, 'ARD-FORMAT': 1, 'FÜR': 1, 'KLIMA': 1, 'CORONA-FOLGEN': 1, 'KONZERTVERANSTALTER': 1, 'IM': 1, 'KRISENMODUS': 1, 'SCHNELLTESTS': 1, 'WIEVIELE': 1, 'UNTERNEHMEN': 1, 'TESTEN': 2, 'BEREITS?': 1, 'CORONA-LOCKDOWN': 1, 'LÄNDERCHEFS': 1, 'MAHNEN': 1, 'ZUR': 1, 'OSTER-RUHE': 1, 'KRITIK': 2, 'NACH': 3, 'BESCHLÜSSEN': 2, 'INZWISCHEN': 1, 'NULL': 1, 'VERSTÄNDNIS': 1, 'COVID-19': 1, 'IMPFT': 1, 'DIE': 5, 'WELT': 1, 'KIRCHEN': 1, 'ÜBERRASCHT': 1, 'VON': 1, 'BITTE': 1, 'UM': 1, 'VIRTUELLE': 1, 'GOTTESDIENSTE': 1, 'CORONA-BESCHLÜSSE': 1, 'AUS': 1, 'DER': 2, 'WIRTSCHAFT': 1, 'REAKTIONEN': 1, 'BESCHLÜSSE': 1, 'EIN': 1, 'BISSCHEN': 1, 'BREMSUNG': 1, 'HINKRIEGEN': 1, 'HEIMWERKEN-TREND': 1, 'BAUMÄRKTE': 1, 'GEHÖREN': 1, 'ZU': 5, 'DEN': 2, 'KRISENGEWINNERN': 1, 'LIVESTREAM': 1, 'SAGEN': 1, 'LÄNDER': 3, 'BUND-LÄNDER-BERATUNGEN': 1, 'SIND': 3, 'NEUEN': 2, 'CORONA-REGELN.': 1, 'KOMMENTAR': 1, 'MENSCHEN': 1, 'ABGEKÄMPFT': 1, 'UND': 3, 'MÜDE': 1, 'ANALYSE': 1, 'ZUM': 1, 'BUND-LÄNDER-TREFFEN': 1, 'LAND': 1, 'SOLL': 1, 'RUHEN': 1, 'CORONA-KRISE': 1, 'AIRLINES': 1, 'WOLLEN': 1, 'MALLORCA-RÜCKKEHRER': 1, 'BUND-LÄNDER-BESCHLUSS': 1, 'CORONA-REGELN': 1, 'BUND': 2, 'BESCHLIESSEN': 1, 'HARTEN': 1, 'LOCKDOWN': 2, 'OSTERN': 2, 'LIVEBLOG': 1, 'VERSCHÄRFTER': 1, 'LIVE': 1, 'WEITEREM': 1, 'VORGEHEN': 1, 'IN': 1, 'PANDEMIE': 1, 'CORONA-GIPFEL': 1, '-PRESSEKONFERENZ': 1, 'MIT': 1, 'KANZLERIN': 1, 'MERKEL,': 1, 'SÖDER,': 1, 'MÜLLER': 1}"
8,2021-03-22,"{'CORONA-SITZUNG': 1, 'UNTERBROCHEN': 1, '|': 1, 'TAGESTHEMEN': 1, 'MARKTBERICHT': 3, 'AKTIENMARKT': 1, 'TROTZT': 1, 'CORONA-ÄNGSTEN': 1, 'BUND-LÄNDER-BERATUNGEN': 1, 'WOHL': 3, 'KEINE': 1, 'LOCKERUNG': 1, 'ÜBER': 1, 'OSTERN': 3, 'LIVEBLOG': 8, 'STRENGE': 1, 'KONTAKTREGELN': 1, 'AUCH': 3, 'ZU': 1, 'GENERELLER': 2, 'LOCKDOWN': 2, 'BIS': 2, '18.': 2, 'APRIL': 2, 'SCHOLZ': 2, 'PLANT': 2, 'FÜR': 4, '2021': 1, 'UND': 3, '2022': 1, 'NEUE': 1, 'MILLIARDENSCHULDEN': 1, 'HOHE': 1, 'NEUVERSCHULDUNG': 1, 'CORONA': 2, 'KEIN': 1, 'ENDE': 1, 'CORONA-MASSNAHMEN': 2, 'STREITPUNKT': 1, 'AUSGANGSSPERREN': 1, 'SCHÄRFERE': 1, 'AUFLAGEN': 1, 'HANDEL': 1, 'IN': 2, 'NRW': 1, 'SCHUB': 1, 'DAS': 2, 'ONLINE-BANKING': 1, 'DURCH': 1, 'GIFFEY': 1, 'WILL': 1, 'CORONATESTS': 1, 'KITAKINDER': 1, 'SPANIEN': 1, 'DROHT': 1, 'NACH': 1, 'DIE': 3, 'VIERTE': 1, 'CORONA-WELLE?': 1, 'MARBURGER': 1, 'BUND': 2, 'WARNT': 1, 'VOR': 1, 'CORONA-LOCKERUNGEN': 1, 'GERICHT': 1, 'KIPPT': 1, 'BESCHRÄNKUNGEN': 1, 'IM': 1, 'NRW-EINZELHANDEL': 1, 'WELCHE': 1, 'DISKUTIEREN': 1, 'LÄNDER?': 1, 'ZIEHT': 1, 'BÖRSE': 1, 'CORONA-NOTBREMSE?': 1, 'CORONA-PANDEMIE': 2, 'SCHULEN': 2, 'AUF,': 1, 'ZU?': 1, 'WIEDER': 1, 'MEHR': 3, 'ALS': 3, '3000': 2, 'INTENSIV-PATIENTEN': 1, 'SPRING-BREAK': 1, '-FEIERN': 1, 'MIAMI': 1, 'BEACH': 1, '1000': 1, 'FESTNAHMEN': 1, 'CORONA-PATIENTEN': 1, 'AUF': 1, 'INTENSIVSTATIONEN': 1, 'INTERVIEW': 1, 'BUND-LÄNDER-GIPFEL': 1, 'VERTRAUEN': 1, 'IST': 1, 'ERSCHÜTTERT': 1}"
9,2021-03-21,"{'KANZLERAMT': 1, 'FÜR': 2, 'LOCKDOWN': 3, 'BIS': 2, '18.': 1, 'APRIL': 2, 'VOR': 5, 'DER': 3, 'CORONA-BUND-LÄNDER-KONFERENZ': 1, 'IHRE': 1, 'FRAGEN': 1, 'AN': 2, 'MICHAEL': 1, 'MÜLLER': 1, '(@REGBERLIN)': 1, 'IM': 2, 'NACH-BERICHT': 1, 'AUS': 1, 'BERLIN': 1, '(@ARD_BAB).': 1, 'BUND-LÄNDER-RUNDE': 1, 'NORDEN': 1, 'WIRBT': 1, 'URLAUB': 1, 'KÜSTE': 1, 'POLIZEIEINSATZ': 1, 'IN': 3, 'KASSEL': 1, 'SOLL': 2, 'ÜBERPRÜFT': 1, 'WERDEN': 2, 'BESCHLUSSPAPIER': 1, 'VERLÄNGERT': 1, 'DEUTSCHE': 1, 'AUF': 3, 'MALLORCA': 2, 'EINE': 1, 'WIDERSPRÜCHLICHE': 1, 'ANGELEGENHEIT': 1, 'CORONA-MASSNAHMEN': 1, 'MEHR': 2, 'FLEXIBILITÄT': 1, 'STATT': 2, 'STARRE': 1, 'REGELN': 1, 'BERLINER': 1, 'PHILHARMONIKER': 1, 'SPIELEN': 1, 'GETESTETEM': 1, 'PUBLIKUM': 1, 'OSTERURLAUB': 1, 'CORONAZEITEN': 1, 'ERZGEBIRGE': 1, 'SIEBEN-TAGE-INZIDENZ': 2, 'STEIGT': 2, '103,9': 1, 'LIVEBLOG': 2, 'ALS': 1, '100': 1, 'BUND-LÄNDER-KONFERENZ': 1, 'SCHOLZ': 1, 'WARNT': 1, 'REISEWELLE': 1, 'ZU': 1, 'OSTERN': 1, 'PROTESTE': 1, 'MEHREREN': 1, 'LÄNDERN': 1, 'TAUSENDE': 1, 'DEMONSTRIEREN': 1, 'GEGEN': 1, 'BIONTECH-CHEF': 1, 'ENDE': 1, 'LOCKDOWNS': 1, 'HERBST': 1}"
10,2021-03-20,"{'DEBATTE': 1, 'ÜBER': 1, 'OSTERURLAUB': 1, 'VERREISEN': 1, 'ODER': 1, 'NICHT': 2, 'VERREISEN?': 1, 'FRANKREICH': 2, 'MIT': 2, 'DEM': 1, 'LOCKDOWN': 2, 'GEGEN': 3, 'DIE': 3, 'DRITTE': 1, 'WELLE': 2, 'STEIGENDE': 1, 'NEUINFEKTIONEN': 1, 'EINZELHANDEL': 1, 'KÄMPFT': 1, 'FÜR': 1, 'CLICK': 1, '&AMP;': 1, 'MEET': 1, '&AMP;MEET': 1, 'CORONA-PANDEMIE': 1, 'POLEN': 1, 'WIRD': 1, 'VON': 2, 'DRITTER': 1, 'ÜBERROLLT': 1, 'JEDER': 1, 'ZWEITE': 1, 'ERWACHSENE': 1, 'IN': 4, 'GROSSBRITANNIEN': 1, 'GEIMPFT': 1, 'ZUSAMMENSTÖSSE': 1, 'BEI': 2, 'PROTEST': 1, 'CORONA-MASSNAHMEN': 1, 'KASSEL': 1, 'DEUTSCHE': 1, 'AUF': 3, 'MALLORCA': 1, 'ENDLICH': 1, 'WIEDER': 1, 'DER': 2, 'LIEBLINGSINSEL': 1, 'SPUTNIK': 1, 'V': 1, 'EIN': 1, 'VAKZIN': 1, 'POLITISCHE': 1, 'EISZEIT?': 1, 'SIEBEN-TAGE-INZIDENZ': 1, 'STEIGT': 1, 'BUNDESWEIT': 1, '99,9': 1, 'KEINE': 1, 'AUSLÄNDISCHEN': 1, 'ZUSCHAUER': 1, 'OLYMPIA': 1, 'TOKIO': 1, 'ERLAUBT': 1, 'LIVEBLOG': 2, 'VERSCHÄRFT': 1, 'MASSNAHMEN': 1, 'ALTERNATIVEN': 1, 'ZUM': 1, 'WENIGSTENS': 1, 'INS': 1, 'GARTENLOKAL': 1, 'ATTENTATE': 1, 'DEN': 1, 'USA': 1, 'IMMER': 1, 'MEHR': 1, 'WEGEN': 1, 'CORONA': 1, 'ÄRZTE-KRITIK': 1, 'NACH': 1, 'IMPFGIPFEL': 1, 'ICH': 1, 'VERSTEHE': 1, 'ES': 1, 'LEYEN': 1, 'DROHT': 1, 'ASTRAZENECA': 1, 'EXPORTVERBOT': 1}"
11,2021-03-19,"{'BUNDESREGIERUNG': 1, 'POLEN': 1, 'AB': 1, 'SONNTAG': 1, 'HOCHINZIDENZGEBIET': 1, 'LIVE': 1, 'ARD': 1, 'EXTRA': 1, 'ZUR': 2, 'CORONA-LAGE': 2, 'KANZLERIN': 2, 'MERKEL': 1, 'HAUSÄRZTE': 1, 'SOLLEN': 1, 'NACH': 2, 'OSTERN': 1, 'MIT': 2, 'CORONA-IMPFUNGEN': 1, 'BEGINNEN': 1, 'INFORMIERT': 1, 'ÜBER': 1, 'ERGEBNISSE.': 1, 'BUNDESWEITE': 1, 'KLIMAPROTESTE': 1, 'TROTZ': 1, 'CORONA': 1, 'VERFASSUNGSSCHUTZ': 1, 'WIE': 2, 'UMGEHEN': 1, 'DEN': 1, 'QUERDENKERN': 1, '?': 1, 'MARKTBERICHT': 1, 'CORONA-ÄNGSTE': 1, 'WIEDER': 1, 'AUF': 1, 'DER': 2, 'AGENDA': 1, 'DOMINIERENDE': 1, 'CORONA-MUTANTE': 1, 'B.1.1.7': 1, 'IST': 1, 'DEUTLICH': 2, 'TÖDLICHER': 1, 'WER': 1, 'ZAHLT': 1, 'BEI': 1, 'MÖGLICHEN': 1, 'SCHÄDEN': 1, 'IM': 2, 'RAHMEN': 1, 'CORONA-IMPFUNG?': 1, 'SPAHN': 3, 'WILL': 1, 'SPUTNIK': 1, 'V': 1, 'NOTFALLS': 1, 'NATIONALEN': 1, 'ALLEINGANG': 1, 'ANSCHAFFEN': 1, 'KULTUSMINISTER': 1, 'WOLLEN': 1, 'SCHULEN': 1, 'SO': 1, 'LANGE': 1, 'MÖGLICH': 1, 'OFFEN': 1, 'HALTEN': 1, 'INDIEN': 1, 'SCHRÄNKT': 1, 'IMPFSTOFF-EXPORTE': 1, 'EIN': 2, 'LIVEBLOG': 2, 'HAMBURG': 1, 'ZIEHT': 1, 'DIE': 2, 'NOTBREMSE': 1, 'ZU': 1, 'ÖFFNUNGEN': 1, 'VIELLEICHT': 1, 'SCHRITTE': 1, 'RÜCKWÄRTS': 1, 'GEHEN': 1, 'LIVESTREAM': 1, 'UND': 1, 'SCHAADE': 1, 'ÄUSSERN': 1, 'SICH': 1, 'EMA-EMPFEHLUNG': 1, 'AUFHOLEN': 1, 'IN': 1, 'SACHEN': 1, 'ASTRAZENECA': 1, 'RKI': 1, 'INZIDENZWERT': 1, 'STEIGT': 1, 'WEITER': 2, 'CHILE': 1, 'IMPF-CHAMPIONS': 1, 'STEUEREINNAHMEN': 1, 'BRECHEN': 1}"
12,2021-03-18,"{'CORONA-PANDEMIE': 1, 'FRANKREICH': 1, 'VERSCHÄRFT': 1, 'MASSNAHMEN': 1, 'IN': 2, '16': 1, 'REGIONEN': 1, 'GESUNDHEITSMINISTER': 1, 'ÄUSSERT': 1, 'SICH': 2, 'ZUR': 1, '-ENTSCHEIDUNG.': 1, 'KULTUSMINISTERKONFERENZ': 1, 'SCHULEN': 1, 'AUF': 2, '-': 1, 'UM': 1, 'JEDEN': 1, 'PREIS?': 1, 'DEUTSCHE': 1, 'IMPFKAMPAGNE': 1, 'IMMER': 1, 'MEHR': 1, 'STIMMEN': 1, 'FÜR': 2, 'SPUTNIK': 1, 'V': 1, 'BUND': 1, 'UND': 1, 'LÄNDER': 1, 'EINIGEN': 1, 'CORONA-HÄRTEFALLFONDS': 1, 'ITALIEN': 1, 'GEDENKT': 1, 'SEINER': 1, 'CORONA-TOTEN': 1, 'CORONA-AUFLAGEN': 1, 'GASTGEWERBE': 1, 'FORDERT': 2, 'PERSPEKTIVE': 1, 'CORONA': 1, 'MASSIVE': 1, 'SOFTWARE-PROBLEME': 1, 'GESUNDHEITSÄMTERN': 1, 'CORONA-STUDIE': 1, 'ÄLTERE': 1, 'HABEN': 1, 'HÖHERES': 1, 'RE-INFEKTIONSRISIKO': 1, 'HAUSÄRZTE': 1, 'ZU': 1, 'ASTRAZENECA': 1, 'WIRD': 1, 'NICHT': 1, 'LEICHT,': 1, 'VERTRAUEN': 1, 'AUFZUBAUEN': 1, 'GEWINNER': 1, 'DER': 1, 'CORONA-KRISE': 1, 'WER': 1, 'ZAHLT': 1, 'DIE': 1, 'PANDEMIE?': 1, 'LIVEBLOG': 1, 'SEEHOFER': 1, 'EINFACHERE': 1, 'REGELN': 1}"
13,2021-03-17,"{'CORONA-INFEKTION?': 1, 'TANSANIAS': 1, 'PRÄSIDENT': 1, 'MAGUFULI': 1, 'IST': 1, 'GESTORBEN': 1, 'KRITIK': 1, 'AM': 1, 'GESUNDHEITSMINISTER': 1, 'ES': 1, 'WIRD': 1, 'EINSAMER': 1, 'UM': 2, 'SPAHN': 1, 'FFP2-MASKEN': 1, 'AUS': 1, 'APOTHEKEN': 1, 'ZWEI': 2, 'MILLIARDEN': 1, 'EURO': 1, 'ZU': 2, 'VIEL': 1, 'GEZAHLT?': 1, 'CORONA-BETRUGSPROZESS': 1, 'VIEREINHALB': 1, 'JAHRE': 1, 'HAFT': 1, 'FÜR': 3, 'ANGEKLAGTEN': 1, 'WIE': 1, 'DER': 4, 'IMPFNACHWEIS': 1, 'FUNKTIONIEREN': 1, 'SOLL': 1, 'CORONA-IMPFSTOFFE': 1, 'EU': 1, 'DROHT': 1, 'MIT': 2, 'SCHÄRFEREM': 1, 'EXPORTVERBOT': 1, 'DEUTSCHLAND': 1, 'VERLÄNGERT': 1, 'GRENZKONTROLLEN': 1, 'WOCHEN': 1, 'NACH': 1, 'DEM': 1, '-STOPP': 1, 'STELLEN': 1, 'SIE': 1, 'IHRE': 1, 'FRAGEN': 1, '-IMPFSTOFFEN': 1, 'GEPLANTEM': 1, 'EU-IMPFNACHWEIS': 1, 'WIEDER': 1, 'IN': 4, 'DEN': 1, 'URLAUB': 1, 'MANCHE': 1, 'STÄDTE': 1, 'VERWEIGERN': 1, 'CORONA-KRISE': 2, 'MIETNACHLÄSSE': 1, 'CORONA-PANDEMIE': 2, 'DIE': 2, 'PERFEKTE': 1, 'DRITTE': 1, 'WELLE': 1, 'MEHR': 1, 'GELD': 1, 'LEHRBETRIEBE': 1, 'ABITUR': 1, 'PANDEMIE': 1, 'ALLEIN': 1, 'IM': 1, 'INTERNAT': 1, 'SPANIEN': 1, 'UND': 1, 'IMPFPASS': 1, 'UNGEHEUER': 1, 'WICHTIG': 1, 'URLAUBSREGIONEN': 1, 'AUCH': 1, 'BRAUEREIGASTHÖFE': 1, 'ERHALTEN': 1, 'NUN': 1, 'CORONA-HILFEN': 1, 'BETRIEBSÄRZTE': 1, 'WOLLEN': 1, 'IMPFKAMPAGNE': 1, 'BESCHLEUNIGEN': 1, 'SIEBEN-TAGE-INZIDENZ': 1, 'STEIGT': 1, 'AUF': 2, '86,2': 1, 'TRUMP': 1, 'FORDERT': 1, 'ANHÄNGER': 1, 'ZUM': 1, 'IMPFEN': 1}"
14,2021-03-16,"{'LIVE': 1, 'ARD': 1, 'EXTRA': 1, 'ZUR': 1, 'LAGE': 1, 'IN': 1, 'DER': 1, 'CORONA-KRISE': 1, 'DEBATTE': 1, 'NACH': 1, 'ASTRAZENECA-STOPP': 1, 'KRITIK': 2, 'AN': 1, 'SPAHNS': 1, 'IMPFMANAGEMENT': 1, 'DROSTEN': 1, 'DRITTE': 1, 'WELLE': 1, 'OHNE': 1, 'IMPFUNG': 1, 'NICHT': 2, 'BEHERRSCHBAR': 1, 'TOURISMUS': 1, 'KROATIEN': 1, 'HOFFT': 1, 'NOCH': 2, 'AUF': 2, 'PFINGSTURLAUBER': 1, 'CORONA-RÜCKHOLAKTION': 1, 'TAUSENDE': 1, 'RECHNUNGEN': 1, 'OFFEN': 1, 'CORONA-IMPFUNGEN': 1, 'WAS': 1, 'STECKT': 1, 'HINTER': 1, 'DEM': 3, 'ASTRAZENECA-STOPP?': 1, 'ASTRAZENECA-IMPFSTOFF': 1, 'ÜBERALL': 1, 'ABSTELLGLEIS': 1, 'ZALANDO': 1, 'WÄCHST': 1, 'AUCH': 1, 'DURCH': 1, 'CORONA-SCHUB': 1, 'FÜR': 1, 'ONLINE-HANDEL': 1, 'WEITERE': 2, 'ÖFFNUNGSSCHRITTE': 1, 'TÜBINGEN': 1, 'WIRD': 1, 'CORONA-MODELLSTADT': 1, 'WEGEN': 1, 'CORONA-PANDEMIE': 1, 'DEUTSCHLAND': 1, 'HÄLT': 1, 'KLIMAZIELE': 1, '2020': 1, 'EIN': 1, 'EURO-FINANZMINISTER': 1, 'VERLÄNGERN': 1, 'CORONA-HILFEN': 1, 'BIS': 1, 'ENDE': 1, '2022': 1, 'GIFFEY': 1, 'FORDERT': 1, 'MEHR': 1, 'CORONA-TESTS': 1, 'VOR': 2, 'SCHULBESUCH': 1, 'CORONA-ZAHLEN': 1, 'RKI-EXPERTE': 1, 'WARNT': 1, 'EXPONENTIELLEM': 1, 'WACHSTUM': 1, 'ASTRAZENECA-IMPFSTOPP': 1, 'MÖGLICHE': 1, 'VERZÖGERUNGEN': 1, 'UND': 1, 'DEUTLICHE': 1, 'LIVEBLOG': 1, 'LÄNDER': 1, 'STOPPEN': 1, 'ASTRAZENECA-IMPFUNGEN': 1}"
15,2021-03-15,"{'REISEN': 1, 'TROTZ': 1, 'CORONA-PANDEMIE': 3, 'BLOSS': 1, 'KEIN': 1, 'ZWEITES': 1, 'ISCHGL': 1, 'MEHR': 2, 'GETESTET': 1, '-': 1, 'FÄLLE?': 1, 'LIVESTREAM': 1, 'SPAHN': 1, 'ÄUSSERT': 1, 'SICH': 1, 'ZU': 1, 'ASTRAZENECA': 3, 'RUSSISCHER': 1, 'IMPFSTOFF': 2, 'SOLL': 1, 'IN': 4, 'DEUTSCHLAND': 2, 'PRODUZIERT': 1, 'WERDEN': 1, 'CORONA-IMPFUNG': 1, 'MIT': 1, 'AUSGESETZT': 1, 'BUNDESREGIERUNG': 1, 'LÄNDER': 1, 'SOLLEN': 1, 'CORONA-NOTBREMSE': 1, 'UMSETZEN': 1, 'FRANKREICH': 1, 'IMPFT': 1, 'SEIT': 1, 'HEUTE': 1, 'APOTHEKEN': 1, 'URLAUB': 1, 'AUF': 2, 'MALLORCA': 1, 'BOOMT': 1, 'NACH': 2, 'ENDE': 1, 'DER': 1, 'REISEWARNUNG': 1, 'KONSUM': 1, 'BRICHT': 1, '2020': 1, 'SO': 1, 'STARK': 1, 'EIN': 2, 'WIE': 1, 'ZULETZT': 1, '1970': 1, 'ZUM': 1, 'KEINE': 1, 'HINWEISE': 1, 'ERHÖHTES': 1, 'RISIKO': 1, 'TAUSENDE': 1, 'VERFAHREN': 1, 'WEGEN': 1, 'BETRUGS': 1, 'BEI': 1, 'CORONA-SOFORTHILFEN': 1, 'CORONAVIRUS': 1, 'INTENSIVMEDIZINER': 1, 'FORDERN': 1, 'SOFORTIGEN': 1, 'LOCKDOWN': 2, 'MARKTBERICHT': 1, 'JAHR': 1, 'DEM': 1, 'CORONA-CRASH': 1, 'LIVEBLOG': 1, 'GEDENKEN': 1, 'AN': 1, '30.000': 1, 'TOTE': 1, 'NEW': 1, 'YORK': 1, 'ITALIEN': 1, 'DRITTER': 1, 'UND': 1, 'IMPF-OFFENSIVE': 1}"
16,2021-03-14,"{'BADEN-WÜRTTEMBERG': 1, 'WIE': 1, 'WIRD': 1, 'DIE': 2, 'CORONA-POLITIK': 1, 'BEURTEILT?': 1, 'RHEINLAND-PFALZ': 1, 'WELCHE': 1, 'ROLLE': 1, 'SPIELTE': 1, 'CORONA-PANDEMIE?': 1, 'NIEDERLÄNDISCHE': 1, 'POLIZEI': 1, 'LÖST': 1, 'ANTI-LOCKDOWN-DEMO': 1, 'AUF': 2, 'LIVEBLOG': 2, 'WTO-CHEFIN': 1, 'FORDERT': 2, 'LIZENZHERSTELLUNG': 1, 'VON': 1, 'IMPFSTOFFEN': 1, 'RKI-LAGEBERICHT': 1, 'SIEBEN-TAGE-INZIDENZ': 1, 'BEI': 2, '79,1': 1, 'EU-KOMMISSION': 1, 'RÄUMT': 1, 'FEHLER': 1, 'IMPFSTOFF-BESTELLUNGEN': 1, 'EIN': 1, 'INTENSIVVERSORGUNG': 1, 'GEFÄHRDET': 1, 'MÜSSEN': 1, 'FLUCHT': 1, 'AUS': 1, 'PFLEGEBERUFEN': 1, 'STOPPEN': 1, 'DUBAI': 1, 'SETZT': 1, 'IMPFEN': 1, 'UND': 1, 'ÖFFNEN': 1, 'MALLORCA': 1, 'NICHT': 1, 'MEHR': 1, 'RISIKOGEBIET': 1, 'NOCH': 1, 'LANGE': 1, 'KEIN': 1, 'NORMALER': 1, 'URLAUB': 1, 'WEBER': 1, 'EXPORTSTOPP': 1, 'FÜR': 1, 'ASTRAZENECA': 1}"
17,2021-03-13,"{'DRESDEN': 1, 'ANGRIFFE': 1, 'GEGEN': 1, 'POLIZISTEN': 1, 'BEI': 1, 'CORONA-DEMO': 1, 'MEHRERE': 1, 'EU-LÄNDER': 1, 'FORDERN': 1, 'IMPFSTOFF-GIPFEL': 1, 'LIVEBLOG': 3, 'CORONAPROTESTE': 1, 'IN': 2, 'MEHREREN': 1, 'STÄDTEN': 1, 'NACH': 1, 'OSTERN': 1, 'RKI': 2, 'PROGNOSTIZIERT': 1, 'INZIDENZ': 1, 'VON': 1, '300': 1, 'ISRAEL': 1, 'IST': 2, 'IMPF-WELTMEISTER,': 1, 'ZAHLT': 1, 'ABER': 1, 'SEINEN': 1, 'PREIS': 1, 'CORONA-IMPFSTOFFE': 1, 'DEUTSCHLAND': 1, 'WILL': 1, 'SICH': 1, 'AB': 1, '2022': 1, 'SELBST': 1, 'VERSORGEN': 1, 'LAGEBERICHT': 1, 'DES': 1, 'SIEBEN-TAGE-INZIDENZ': 2, 'STEIGT': 2, 'DEUTLICH': 2, 'CORONA': 1, 'BRASILIEN': 1, 'DIE': 1, 'PANDEMIE': 1, 'AUSSER': 1, 'KONTROLLE': 1, 'NIEDERLANDE': 1, 'VOR': 1, 'DER': 1, 'WAHL': 1, 'KEINE': 1, 'EXPERIMENTE': 1, 'ARBEITSLOSENVERSICHERUNG': 1, 'FÜR': 1, 'ALLE': 1, 'GEFORDERT': 1}"
18,2021-03-12,"{'KAMPF': 1, 'GEGEN': 2, 'CORONA': 2, 'SOLLTEN': 1, 'HAUSÄRZTE': 2, 'NICHT': 1, 'SCHNELLER': 1, 'IMPFEN?': 1, 'VORWURF': 1, 'AUS': 1, 'ÖSTERREICH': 1, 'IMPFSTOFF': 3, 'UNGERECHT': 1, 'VERTEILT?': 1, 'CORONA-KRISE': 3, 'MECKLENBURG-VORPOMMERN': 1, 'SETZT': 1, 'LUCA-APP': 1, 'EIN': 3, 'JAHR': 1, 'DEUTLICHE': 1, 'SPUREN': 1, 'AM': 1, 'ARBEITSMARKT': 1, 'HEIL': 1, 'WILL': 2, 'VEREINFACHTEN': 1, 'ZUGANG': 1, 'ZU': 3, 'KURZARBEITERGELD': 1, 'VERLÄNGERN': 1, 'CORONAVIRUS': 1, 'WHO': 1, 'STELLT': 1, 'SICH': 2, 'ZWEIFEL': 1, 'AN': 2, 'ASTRAZENECA-VAKZIN': 1, 'WIE': 1, 'GUT': 1, 'IST': 2, 'DER': 3, 'RUSSISCHE': 1, 'CORONA-IMPFSTOFF': 1, 'SPUTNIK': 1, 'V?': 1, 'CORONA-PANDEMIE': 1, 'MALLORCA': 1, 'KEIN': 1, 'RISIKOGEBIET': 1, 'MEHR': 2, 'PANDEMIE-BEWÄLTIGUNG': 1, 'WARUM': 1, 'ANDERE': 1, 'EU-LÄNDER': 1, 'WEITER': 1, 'SIND': 1, 'LIVESTREAM': 2, 'BUNDESAGENTUR': 1, 'FÜR': 3, 'ARBEIT': 1, 'FOLGEN': 1, 'RKI': 2, 'FALLZAHLEN': 1, 'HABEN': 1, 'AUF': 1, 'HOHEM': 1, 'NIVEAU': 1, 'EINGEPENDELT': 1, 'DIE': 4, 'BRITISCHEN': 1, 'EXPORTE': 1, 'LEIDEN': 1, 'UNTER': 1, 'BREXIT': 1, 'UND': 3, 'NACH': 1, 'BETRUGSVERDACHT': 1, 'CORONA-HILFEN': 1, 'WERDEN': 1, 'WIEDER': 1, 'AUSGEZAHLT': 1, 'ZAHL': 1, 'CORONA-NEUINFEKTIONEN': 1, 'STEIGT,': 1, 'INZIDENZ': 2, 'AUCH,': 1, 'ABER': 1, 'VIERTER': 1, 'MACHT': 1, 'HOFFNUNG.': 1, 'RKI-PRÄSIDENT': 1, 'WIELER': 2, 'GESUNDHEITSMINISTER': 1, 'SPAHN': 2, 'ÜBER': 1, 'AKTUELLE': 1, 'LAGE.': 1, 'ZUR': 1, 'CORONA-LAGE': 1, 'MÖGLICHE': 1, 'NEBENWIRKUNGEN': 1, 'PAUL-EHRLICH-INSTITUT': 1, 'HÄLT': 1, 'ASTRAZENECA': 1, 'FEST': 1, 'BIDENS': 1, 'FERNSEHANSPRACHE': 1, 'AMERIKA': 1, 'KOMMT': 1, 'ZURÜCK': 1, 'CORONA-NEUINFEKTIONEN,': 1, 'STEIGENDE': 1, 'BIDEN': 1, 'IMPFSTOFFE': 1, 'ALLE': 1, 'ERWACHSENEN': 1, 'BIS': 1, 'MAI': 1, 'FREIGEBEN': 1, 'LIVEBLOG': 1, 'FORDERN': 1, 'SCHLIESSUNG': 1, 'VON': 1, 'IMPFZENTREN': 1, 'ANGEBLICHES': 1, 'US-EXPORTVERBOT': 1, 'WAS': 1, 'DRAN?': 1}"
19,2021-03-11,"{'USA': 1, 'BILLIONENSCHWERES': 1, 'CORONA-HILFSPAKET': 1, 'IN': 2, 'KRAFT': 1, 'MANGELHAFTE': 1, 'DATEN': 1, 'ZUR': 2, 'EPIDEMIE': 1, 'TESTEN': 1, 'IM': 1, 'BLINDFLUG?': 1, 'WIE': 2, 'VIEL': 1, 'ERFAHRUNG': 1, 'HAT': 2, 'JOHNSON': 5, '&AMP;': 3, 'MIT': 1, 'IMPFSTOFFEN?': 1, 'ATHEN': 1, 'DEBATTE': 1, 'UM': 1, 'POLIZEIGEWALT': 1, 'INMITTEN': 1, 'DER': 3, 'CORONA-KRISE': 1, 'BUNDESRECHNUNGSHOF': 1, 'WARNT': 1, 'VOR': 2, 'RISIKEN': 1, 'BEI': 1, 'EU-HILFEN': 1, 'VIELE': 1, 'GESCHÄFTSREISEN': 1, 'WIRD': 1, 'ES': 1, 'NACH': 1, 'CORONA': 3, 'NOCH': 1, 'GEBEN?': 1, 'JUGEND-HEARING': 1, 'ZU': 2, 'ANGST': 1, 'MENSCHEN': 1, 'STATT': 1, 'UMARMUNGEN': 1, 'WAS': 1, 'ÄNDERT': 1, 'SICH': 1, 'AN': 1, 'CORONA-IMPFVERORDNUNG?': 1, 'JOHNSON-IMPFSTOFF': 1, 'HOFFNUNG': 1, 'UND': 1, 'ZWEIFEL': 1, 'WHO': 1, 'ALS': 1, 'PANDEMIE': 1, 'WURDE': 1, 'CORONAVIRUS': 1, 'HAUSÄRZTE': 1, 'KRITISIEREN': 1, 'VERZÖGERTEN': 1, 'IMPFBEGINN': 1, 'PRAXEN': 1, 'CORONA-ZAHLEN': 1, 'STEIGEN': 1, 'DRITTE': 1, 'WELLE': 1, 'SCHON': 1, 'BEGONNEN': 1, 'LIVEBLOG': 1, 'ZAHNÄRZTE': 1, 'WOLLEN': 1, 'BEIM': 1, 'IMPFEN': 1, 'HELFEN': 1, 'ENTSCHEIDUNG': 1, 'WARUM': 1, 'PUNKTET': 1, 'NEUE': 1, 'IMPFSTOFF?': 1, '&AMP;JOHNSON': 1}"
20,2021-03-10,"{'US-KONGRESS': 1, 'VERABSCHIEDET': 1, 'RIESIGES': 1, 'CORONA-HILFSPAKET': 1, 'START': 1, 'VON': 3, 'CORONA-IMPFUNGEN': 2, 'IN': 2, 'ARZTPRAXEN': 1, 'ERST': 1, 'MITTE': 1, 'APRIL': 1, 'BÜRGERDIALOG': 1, 'MERKEL': 2, 'SPRICHT': 1, 'MIT': 1, 'SORGENTELEFON-MITARBEITERN': 1, 'PFLEGEBRANCHE': 1, 'AM': 1, 'LIMIT': 1, 'KÜNDIGUNGSWELLE': 1, 'ERWARTET': 1, 'WEGEN': 2, 'CORONA-PANDEMIE': 1, 'KEINE': 1, 'GROSSEN': 1, 'FESTIVALS': 1, 'IM': 2, 'SOMMER': 1, 'UND': 4, 'LÄNDERCHEFS': 1, 'SOLLEN': 1, 'IMPFSTART': 1, 'PRAXEN': 1, 'FESTLEGEN': 1, 'DATENREPORT': 1, '2021': 2, 'PANDEMIE': 1, 'VERSCHÄRFT': 1, 'SOZIALE': 1, 'UNGLEICHHEIT': 1, 'LIVEBLOG': 4, 'GROSSE': 2, 'MUSIKFESTIVALS': 1, 'FALLEN': 1, 'AUCH': 2, 'AUS': 1, 'EU': 2, 'VIER': 2, 'MILLIONEN': 3, 'IMPFDOSEN': 2, 'MEHR': 2, 'BIONTECH': 1, 'BIONTECHIM': 1, 'CORONAVIRUS': 1, 'LEIPZIGER': 1, 'KANUTINNEN': 1, 'BANGEN': 1, 'UM': 1, 'OLYMPIA-SAISON': 1, 'RKI-LAGEBERICHT': 1, '9146': 1, 'NEUINFEKTIONEN': 1, '300': 1, 'TODESFÄLLE': 1, 'BRITISCHE': 1, 'IMPFKAMPAGNE': 1, 'ERFOLGREICH': 1, '-': 2, 'DER': 3, 'HAUSÄRZTE': 1, 'HAUS-': 1, 'BETRIEBSÄRZTE': 1, '25': 1, 'IMPFUNGEN': 1, 'PRO': 1, 'MONAT': 1, 'MACHBAR': 1, 'STIKO-CHEF': 1, 'SPUTNIK': 1, 'V': 1, 'GUTER': 1, 'IMPFSTOFF': 2, 'RUSSLAND': 1, 'SPUTNIK-EFFEKT': 1, 'IRAN': 1, 'BEREITSCHAFT,': 1, 'GROSSES': 1, 'MISSTRAUEN': 1}"
21,2021-03-09,"{'ZAHLUNGEN': 1, 'GESTOPPT': 1, 'BETRUGSVERDACHT': 1, 'BEI': 2, 'CORONA-HILFEN': 1, 'CORONAVIRUS-UPDATE': 1, 'WARUM': 1, 'MÄNNER': 1, 'GEFÄHRDETER': 1, 'SIND': 1, 'ALS': 1, 'FRAUEN': 1, 'CORONA-TESTS': 2, 'MERKEL': 1, 'APPELLIERT': 1, 'AN': 2, 'DIE': 1, 'WIRTSCHAFT': 1, 'LIVEBLOG': 4, 'SACHSEN': 2, 'WILL': 2, 'IMPFPRIORITÄT': 2, 'FÜR': 3, 'VOGTLAND': 2, 'AUFHEBEN': 2, 'DÄNEMARK': 1, 'SIEHT': 1, 'SPIELRAUM': 1, 'LOCKERUNGEN': 1, 'KAUM': 1, 'KONTROLLEN': 1, 'EINREISEN': 1, 'CORONA-PANDEMIE': 1, 'CHINA': 1, 'STELLT': 1, 'DIGITALEN': 1, 'REISE-IMPFPASS': 1, 'VOR': 1, 'DER': 1, 'DIGITALE': 1, 'IMPFPASS': 1, 'SOLL': 1, 'VON': 1, 'IBM': 1, 'ENTWICKELT': 1, 'WERDEN': 1, 'REISEN': 1, 'WÄHREND': 1, 'CORONA': 1, 'TRAUMURLAUB': 1, 'IM': 1, 'HOCHINZIDENZGEBIET': 1, 'DEUTSCHLAND': 1, 'VERLIERT': 1, 'TAUSENDE': 1, 'PFLEGEKRÄFTE': 1, 'ÜBER': 1, '100.000': 1, 'TOTE': 1, 'ZWEIFEL': 1, 'ITALIENS': 1, 'CORONA-STRATEGIE': 1, 'WACHSEN': 1}"
22,2021-03-08,"{'USA': 1, 'WIEDER': 1, 'MEHR': 4, 'KONTAKTE': 1, 'FÜR': 1, 'GEIMPFTE': 1, 'MÖGLICH': 2, 'CORONA-PANDEMIE': 1, 'IMPFEN': 1, 'BEIM': 1, 'ARZT': 1, 'AB': 2, 'APRIL': 1, 'CORONA-KRISE': 1, 'ZU': 2, 'WENIG': 2, 'SCHNELLTESTS,': 1, 'SELBSTTESTS': 1, 'LIVE': 1, 'ARD': 1, 'EXTRA': 1, 'ZUR': 1, 'CORONA-LAGE': 1, 'SCHLESWIG-HOLSTEIN': 1, 'UND': 1, 'TUI': 1, 'RECHNEN': 1, 'MIT': 2, 'OSTERURLAUB': 1, 'CHINA': 1, 'MELDET': 1, 'EXPORTBOOM': 1, '-': 2, 'AUCH': 1, 'DANK': 1, 'CORONA': 1, 'RKI-LAGEBERICHT': 1, 'NEUINFEKTIONEN,': 1, 'WENIGER': 1, 'TODESFÄLLE': 1, 'LIVEBLOG': 4, 'ALS': 2, '10': 1, 'MIO': 1, 'MENSCHEN': 1, 'IN': 2, 'TÜRKEI': 1, 'GEIMPFT': 1, 'GRATIS-SCHNELLTESTS': 1, 'STARTEN': 1, 'ABER': 1, 'NICHT': 1, 'ÜBERALL': 1, 'GÜNTHER': 1, 'RECHNET': 1, 'HOTELÖFFNUNGEN': 1, 'ÜBER': 1, 'OSTERN': 1, '5000': 1, 'NEUINFEKTIONEN': 1, 'DEUTSCHLAND': 1, 'LOCKERUNGEN': 1, 'BEI': 1, 'CORONA-MASSNAHMEN': 1, 'WAS': 1, 'HEUTE': 1, 'IST': 1, 'KLINGBEIL': 1, 'FORDERT': 1, 'RÜCKZAHLUNG': 1}"
23,2021-03-07,"{'GROSSBRITANNIEN': 1, 'FREIWILLIGE': 1, 'FÜR': 1, 'STUDIE': 1, 'MIT': 2, 'CORONA': 1, 'INFIZIERT': 1, 'FRANKFURT': 1, 'POLIZEI': 1, 'LÖST': 1, 'PARTY': 1, '500': 1, 'JUGENDLICHEN': 1, 'AUF': 1, 'LIVEBLOG': 4, 'NIEDERSACHSEN': 1, 'LEHR-': 1, 'UND': 1, 'KITA-PERSONAL': 1, 'WIRD': 1, 'GEIMPFT': 1, 'ERHEBUNG': 1, 'CORONA-RISIKO': 1, 'IN': 3, 'SOZIALEN': 1, 'BERUFEN': 1, 'AM': 2, 'HÖCHSTEN': 1, 'ENGLAND': 1, 'LÄSST': 1, '56-': 1, 'BIS': 1, '59-JÄHRIGE': 1, 'IMPFEN': 1, 'WAHLEN': 1, 'DER': 2, 'CORONAKRISE': 1, 'BRIEFWAHL': 1, '-': 2, 'DAS': 1, 'NEUE': 1, 'NORMAL': 1, '?': 1, 'IMPFUNGEN': 1, 'NACH': 1, 'ANZAHL': 1, 'KONTAKTE?': 1, 'LOCKERUNGEN': 1, 'ISRAEL': 1, 'ESSEN': 1, 'GEHEN': 1, 'WIEDER': 1, 'ERLAUBT': 1, 'RKI': 1, 'MELDET': 1, '8103': 1, 'NEUINFEKTIONEN': 1, 'VERZÖGERUNG': 1, 'BEI': 1, 'SCHNELLTESTS': 1, 'KRITIK': 1, 'KRISENMANAGEMENT': 1, 'WÄCHST': 1, 'DREYER': 1, 'KRITISIERT': 1, 'SPAHNS': 1, 'TESTSTRATEGIE': 1}"
24,2021-03-06,"{'KOMMENTAR': 1, 'BÜROKRATIE': 1, 'EINSCHRÄNKEN': 1, 'UND': 2, 'IMPFEN': 1, 'DEN': 2, 'PROFIS': 1, 'ÜBERLASSEN': 1, 'US-SENAT': 2, 'STIMMT': 2, 'FÜR': 2, 'CORONA-HILFSPAKET': 1, 'LIVEBLOG': 5, '1,9-BILLIONEN-DOLLAR-HILFSPAKET': 1, 'DAS': 2, 'IST': 1, 'BEI': 1, 'CORONA-SELBSTTESTS': 3, 'ZU': 2, 'BEACHTEN': 1, 'BARCELONA': 1, 'WAGT': 1, 'EIN': 1, 'GROSSKONZERT': 1, 'MIT': 1, '5000': 1, 'ZUSCHAUERN': 1, 'ANSTURM': 1, 'AUF': 1, 'VOM': 1, 'DISCOUNTER': 1, 'SCHNELLTEST-STRATEGIE': 1, 'KRITIK': 1, 'AN': 1, 'DER': 1, 'LANGSAMKEIT': 1, 'EU': 1, 'WILL': 1, 'ASTRAZENECA-VAKZIN': 1, 'AUS': 2, 'USA': 1, 'PER': 1, 'SMS': 1, 'GEGEN': 2, 'DIE': 1, 'IMPFBÜROKRATIE': 1, 'CORONA-SCHUTZMASKEN': 1, 'UNIONS-AFFÄRE': 1, 'WEITET': 1, 'SICH': 1, 'VERSCHÄRFTE': 1, 'AUSGANGSSPERREN': 1, 'IN': 1, 'FRANKREICH': 1, 'AB': 1, 'HEUTE': 1, 'KAUFEN': 1, 'CORONA-PANDEMIE': 1, 'VIEL': 1, 'SKEPSIS': 1, 'BEIM': 1, 'THEMA': 1, 'OSTERURLAUB': 1, 'RKI': 1, '9557': 1, 'NEUINFEKTIONEN': 1, '300': 1, 'TODESFÄLLE': 1, 'WHO': 1, 'WARNT': 1, 'VOR': 1, 'NACHLÄSSIGKEIT': 1, 'KAMPF': 1, 'CORONAVIRUS': 1, 'IMPFWUNDER': 1, 'USA?': 1}"
25,2021-03-05,"{'KOMPROMISS': 1, 'BEI': 1, 'TUIFLY': 1, 'WENIGER': 1, 'JOBABBAU,': 1, 'MEHR': 1, 'VERZICHT': 1, 'CORONA-PANDEMIE': 1, 'TSCHECHIEN': 1, 'BITTET': 1, 'DEUTSCHLAND': 1, 'UM': 1, 'HILFE': 1, 'ARMUTSBERICHT': 1, 'CORONA': 3, 'MACHT': 1, 'ARME': 1, 'NOCH': 2, 'ÄRMER': 1, 'GRIECHENLAND': 1, 'AM': 1, 'SONNTAG': 1, 'KOMPLETT': 1, 'RISIKOGEBIET': 1, 'CORONA-TESTS': 1, 'IN': 3, 'FIRMEN': 1, 'GESPRÄCH': 1, 'MIT': 1, 'WIRTSCHAFT': 1, 'ABGESAGT': 1, 'STEINMEIER': 1, '18.': 1, 'APRIL': 1, '-': 2, 'GEMEINSAM': 1, 'DER': 2, 'CORONA-TOTEN': 1, 'GEDENKEN': 1, 'IM': 3, 'GAZASTREIFEN': 1, 'KAUM': 2, 'IMPFSTOFF': 1, 'IMPFWILLIGE': 1, 'WHO': 1, 'LEHNT': 1, 'FÜR': 2, 'EU-LÄNDER': 1, 'GEPLANTEN': 1, 'IMPFPASS': 1, 'AB': 1, 'CORONA-KRISE': 2, 'KULTUSMINISTER': 1, 'RÜCKKEHR': 1, 'AN': 1, 'SCHULEN': 1, 'MÄRZ': 2, 'IMPFSTOFF-EXPORTVERBOT': 1, 'AUSTRALIEN': 1, 'FORDERT': 1, 'ÜBERPRÜFUNG': 1, 'SPAHN': 1, 'GEHT': 1, 'VON': 1, 'AUSREICHEND': 1, 'VIELEN': 1, 'TESTS': 1, 'AUS': 1, 'BUNDESGESUNDHEITSMINISTER': 1, 'UND': 2, '-PRÄSIDENT': 1, 'ZUR': 2, 'AKTUELLEN': 1, '-LAGE.': 1, 'BRÜSSEL': 1, 'REAGIERT': 1, 'GESPALTEN': 1, 'AUF': 1, 'EXPORTSTOPP': 1, 'DISKUSSION': 1, 'ÜBER': 1, 'IMPFPFLICHT': 1, 'EIN': 2, 'JAHRHUNDERTEALTER': 1, 'STREIT': 1, 'LIVEBLOG': 1, 'ALLE': 1, 'SCHÜLER': 1, 'SOLLEN': 1, 'SCHULE': 1, 'SICHERHEITSLAGE': 1, 'WARUM': 1, 'REIST': 1, 'PAPST': 1, 'DEN': 1, 'IRAK?': 1, 'CORONA-LOCKERUNGEN': 1, 'NEW': 1, 'YORK': 1, 'ERST': 1, 'INS': 1, 'KINO,': 1, 'DANN': 1, 'STEAK': 1}"
26,2021-03-04,"{'LIVE': 2, 'ARD': 1, 'EXTRA': 1, 'ZUR': 1, 'CORONA-LAGE': 1, 'ARD-DEUTSCHLANDTREND': 1, 'ZUFRIEDENHEIT': 1, 'MIT': 2, 'BUNDESREGIERUNG': 1, 'AUF': 2, 'TIEFSTWERT': 1, 'ERSTMALS': 1, 'EXPORT': 1, 'VON': 5, 'ASTRAZENECA-IMPFSTOFF': 1, 'AUS': 1, 'DER': 3, 'EU': 1, 'GESTOPPT': 1, 'CORONA-FOLGEN': 1, 'STEUERN': 1, 'PILOTEN': 1, 'BALD': 1, 'ZÜGE?': 1, 'FAST': 1, 'SO': 1, 'VIEL': 1, 'MOBILITÄT': 1, 'WIE': 2, 'VOR': 1, 'CORONA': 2, 'MODELLPROJEKT': 1, 'WO': 1, 'HAUSÄRZTE': 1, 'BEREITS': 1, 'GEGEN': 2, 'IMPFEN': 2, 'CORONA-KRISE': 1, 'BUNDESTAG': 1, 'BESTÄTIGT': 1, 'EPIDEMISCHE': 1, 'LAGE': 1, 'CORONA-INFEKTIONEN': 1, 'DIE': 4, 'AHNUNGSLOSIGKEIT': 1, 'POLITIK': 1, 'CORONA-LOCKERUNGEN': 1, 'SCHNELLTESTS': 1, 'HELFEN': 1, 'SOLLEN': 1, 'NACH': 1, 'BUND-LÄNDER-GIPFEL': 1, 'DAS': 2, 'LAND': 1, 'NICHT': 1, 'IM': 1, 'WINTERSCHLAF': 1, 'HALTEN': 1, 'BRITISCHE': 1, 'ALLIANZ': 1, 'SCHNELLER': 1, 'CORONA-MUTATIONEN': 1, 'WIRTSCHAFT': 1, 'ERGEBNISSEN': 1, 'DES': 1, 'CORONA-GIPFELS': 1, 'ENTTÄUSCHT': 1, 'CORONA-BESCHLÜSSE': 2, 'KONTROLLIERTER': 1, 'SICHERHEIT': 1, 'BIS': 1, 'IRRGARTEN': 1, 'TAGESSCHAU24': 1, 'ZU': 1, 'CORONA-BESCHLÜSSEN': 1, 'REAKTIONEN': 1, 'NEUEN': 2, '-BESCHLÜSSE': 1, 'BUND': 2, 'UND': 2, 'LÄNDERN.': 1, 'VERKAUFSSTART': 1, 'AB': 1, 'SAMSTAG': 1, 'CORONA-SELBSTTESTS': 1, 'KOMMEN': 1, 'LUFTHANSA': 1, 'IN': 1, 'PANDEMIE': 1, 'NEUER': 1, 'SCHUB': 1, 'DEM': 1, 'GREEN': 1, 'PASS': 1, '?': 1, 'LIVEBLOG': 1, 'LASCHET': 1, 'SPRICHT': 1, 'PERSPEKTIVWECHSEL': 1, 'LÄNDER': 1, 'EIN': 2, 'BISSCHEN': 2, 'LOCKDOWN,': 1, 'ÖFFNUNG': 1, 'BUND-LÄNDER-TREFFEN': 1, 'SIND': 1}"
27,2021-03-03,"{'LIVE': 2, 'DIE': 3, 'ERGEBNISSE': 1, 'DER': 2, 'CORONA-BERATUNGEN': 1, 'CORONA-MASSNAHMEN': 2, 'KANZLERIN': 1, 'MERKEL': 1, 'INFORMIERT': 1, 'NACH': 1, 'BUND-LÄNDER-BERATUNGEN': 2, 'ERSTE': 1, 'EINIGUNGEN': 1, 'BEI': 1, 'CORONA-GIPFEL': 1, 'LÄNGERER': 1, 'LOCKDOWN': 2, '-': 4, 'IMPFUNGEN': 2, 'IN': 2, 'PRAXEN': 1, 'ARD': 1, 'EXTRA': 1, 'ZUR': 2, 'CORONA-LAGE': 1, 'BRITISCHER': 2, 'BUDGET': 2, 'FINANZHILFEN': 2, 'JETZT,': 2, 'HÖHERE': 2, 'STEUERN': 2, 'SPÄTER': 2, 'ASTRAZENECA-VAKZIN': 1, 'BUNDESLÄNDER': 1, 'WOLLEN': 1, 'IMPFSTAU': 1, 'ABBAUEN': 1, 'WARUM': 1, 'NICHT': 1, 'EINHEITLICH?': 1, 'EU': 1, 'WILL': 3, 'STABILITÄTSREGELN': 1, 'WOHL': 1, 'AUCH': 1, '2022': 1, 'AUSSETZEN': 1, 'VOR': 1, 'BUND-LÄNDER-GIPFEL': 1, 'SO': 1, 'KÖNNTE': 2, 'LOCKDOWN-EXIT': 1, 'AUSSEHEN': 1, 'SPAHN': 1, 'IMPFGESCHWINDIGKEIT': 1, 'ERHÖHEN': 1, 'EU-IMPFSTOFF-MANAGEMENT': 1, 'ES': 1, 'GIBT': 1, 'VIELE': 1, 'OFFENE': 1, 'FRAGEN': 1, 'ETWAS': 1, 'ÖFFNEN': 1, 'UND': 2, 'NOT': 1, 'BREMSEN': 1, 'LIVEBLOG': 1, 'RKI': 1, 'MELDET': 1, 'MEHR': 1, 'ALS': 1, '9000': 1, 'CORONA-NEUINFEKTIONEN': 1, 'ALTMAIER': 1, 'CORONA-KRISE': 1, 'GEISTER': 1, 'DES': 1, 'MINISTERS': 1, 'WIE': 1, 'DEUTSCHLAND': 1, 'AUS': 1, 'DEM': 1, 'KOMMEN': 1, 'CORONA-PANDEMIE': 2, 'WELTWEIT': 1, '168': 1, 'MILLIONEN': 1, 'KINDER': 1, 'OHNE': 1, 'SCHULE': 1, 'DEN': 1, 'USA': 1, 'BIDEN': 1, 'BESCHLEUNIGEN': 1, '&AMP;JOHNSON': 1, 'ITALIEN': 1, 'VERLÄNGERT': 1, 'MASSNAHMEN': 1, 'GEGEN': 1, 'COVID-19-PANDEMIE': 1}"
28,2021-03-02,"{'LIVEBLOG': 3, 'ITALIEN': 1, 'VERLÄNGERT': 1, 'REISESPERREN': 1, 'IM': 2, 'LAND': 1, 'EMA': 1, 'ENTSCHEIDET': 1, 'AM': 2, '11.': 1, 'MÄRZ': 1, 'ÜBER': 2, 'J&AMP;J-IMPFSTOFF': 1, 'LOCKDOWN': 1, 'AUCH': 1, 'MERKEL': 2, 'FÜR': 1, 'VORSICHTIGE': 1, 'ÖFFNUNGSSCHRITTE': 1, 'KINDER': 1, 'IN': 3, 'DER': 1, 'CORONA-KRISE': 2, 'DEN': 1, 'ÄRMSTEN': 1, 'GEHT': 1, 'ES': 1, 'SCHLECHTESTEN': 1, 'NEUE': 2, 'IMPFVERORDNUNG': 1, 'ASTRAZENECA': 1, 'SOLL': 1, 'VERSTÄRKT': 1, 'EINGESETZT': 1, 'WERDEN': 1, 'MITSPRACHE': 1, 'DES': 1, 'BUNDESTAGS': 1, 'KOALITION': 1, 'WILL': 1, 'CORONA-GREMIUM': 1, 'GRÜNDEN': 1, 'CORONA-IMPFSTOFF': 1, 'AFRIKANISCHE': 1, 'LÄNDER': 1, 'STEHEN': 1, 'WIEDER': 1, 'HINTEN': 1, 'AN': 1, 'EU-MELDESYSTEM': 1, 'MEHR': 1, 'PRODUKTWARNUNGEN': 1, 'WEGEN': 1, 'CORONA': 1, '-MANAGEMENT': 1, 'WAS': 1, 'KANN': 1, 'DEUTSCHLAND': 1, 'VON': 1, 'LERNEN?': 1, 'UNSERE': 1, 'ARD-KORRESPONDENT': 1, 'INNEN': 1, 'TEL': 1, 'AVIV,': 1, 'SUSANNE': 1, 'GLASS': 1, 'UND': 3, 'TIM': 1, 'ASSMANN,': 1, 'BEANTWORTEN': 1, 'IHRE': 1, 'FRAGEN': 1, 'ZUM': 1, 'THEMA.': 1, 'JAHN': 1, 'REGENSBURG': 1, 'VIER': 1, 'INFEKTIONEN': 1, 'MIT': 1, 'BRITISCHER': 1, 'MUTANTE': 1, 'EINZELHANDEL': 1, 'JANUAR': 1, 'STÄRKER': 1, 'GESCHRUMPFT': 1, 'ALS': 1, 'ERWARTET': 1, 'VOR': 2, 'CORONA-GIPFEL': 1, 'EIN': 1, 'ERSTER': 1, 'FAHRPLAN': 1, '-': 1, 'VIELE': 1, 'RICHTUNGEN': 1, 'DEBATTE': 2, 'ÖFFNUNGEN': 1, 'LOCKERUNGEN': 3, 'AB': 1, 'MONTAG': 1, 'SICHT?': 1, 'SÖDERS': 1, 'LASCHETS': 1, 'CORONA-POLITIK': 1, 'AUF': 2, 'EINEM': 1, 'KURS?': 1, 'ANALYSE': 1, 'HARTES': 1, 'RINGEN': 1, 'UM': 2, 'WEITERE': 1, 'NIMMT': 1, 'FAHRT': 1, 'SPD-CHEF': 1, 'WIRFT': 1, 'VERSAGEN': 1, 'NEW': 1, 'YORKER': 1, 'CORONA-VARIANTE': 1, 'BESORGT': 1, 'WISSENSCHAFTLER': 1}"
29,2021-03-01,"{'CORONA-LIVEBLOG': 3, 'ASTRAZENECA': 1, 'IN': 4, 'FRANKREICH': 1, 'AUCH': 2, 'FÜR': 2, 'ÄLTERE': 1, 'SAN': 1, 'MARINO': 1, 'IMPFUNG': 1, 'GEGEN': 1, 'CORONA': 2, 'MIT': 3, 'SPUTNIK': 1, 'V': 1, 'TÜRKEI': 1, 'LOCKERT': 2, 'EINIGEN': 1, 'PROVINZEN': 1, 'GEÖFFNETE': 1, 'FRISEURSALONS': 1, 'DIE': 2, 'FRISUR': 1, 'SITZT': 1, '-': 3, 'SORGE': 1, 'BLEIBT': 1, 'ALTMAIER': 1, 'LOCKERUNGEN': 2, 'BEI': 1, 'HÖHERER': 1, 'INZIDENZ': 1, 'MÖGLICH': 1, 'URTEIL': 1, 'THÜRINGEN': 1, 'TEILE': 1, 'FRÜHERER': 1, 'CORONA-VERORDNUNGEN': 1, 'NICHTIG': 1, 'CORONA-IMPFUNGEN': 1, 'NRW': 1, 'IMPFSTART': 1, 'LEHRPERSONAL': 1, 'AM': 1, '8.': 1, 'MÄRZ': 1, 'CORONA-PANDEMIE': 1, 'LUCA': 1, 'AUS': 1, 'DEM': 1, 'LOCKDOWN?': 1, 'LIVE': 2, 'PRESSEKONFERENZ': 2, 'NACH': 1, 'BERATUNGEN': 1, 'DES': 1, 'CORONA-KABINETTS': 1, 'SCHNIPP': 1, 'SCHNAPP': 1, 'MATTE': 1, 'AB': 1, 'FRISEURE': 3, 'SIND': 1, 'WIEDER': 4, 'GEÖFFNET': 1, 'BREMST': 1, 'ANSTIEG': 1, 'DER': 2, 'TARIFVERDIENSTE': 1, 'BAYERISCH-SÄCHSISCHE': 1, 'CORONA-ALLIANZ': 1, 'UND': 2, 'STELLEN': 1, 'GEMEINSAME': 1, 'COVID-19-ALLIANZ': 1, 'VOR': 1, 'DEN': 1, 'MINISTERPRÄSIDENTEN': 1, '.': 1, 'RKI': 1, 'ZAHL': 1, 'NEUINFEKTIONEN': 1, 'STEIGT': 1, 'SINKENDE': 1, 'FALLZAHLEN': 1, 'SÜDAFRIKA': 1, 'CORONA-MASSNAHMEN': 1, 'RINGEN': 1, 'UM': 1, 'WEITERE': 1, 'ÖFFNEN': 2, 'KÖNNEN': 1}"
